model_name,representation,subset,domain_shift_gap,mlm_loss,top1_acc,top5_acc,top10_acc,rare_top1_acc,performance_gap,eval_time_sec,evaluated_doc_count,cat_vessel_terminology_acc,cat_navigation_acc,cat_machinery_propulsion_acc,cat_casualty_incident_acc,cat_weather_environment_acc,cat_safety_lifesaving_acc
allenai/scibert_scivocab_uncased,json,balanced_knowledge,-0.1586418351124233,3.3937553395721616,0.5115830115830116,0.584942084942085,0.6216216216216216,0.0,0.16082253600187602,45.573344707489014,200.0,0.5,1.0,1.0,0.65,0.5349,0.0
allenai/scibert_scivocab_uncased,json,high_knowledge,-0.018786572220511222,4.325737938036758,0.3717277486910995,0.4712041884816754,0.5143979057591623,0.0,0.2565335746234486,44.02191233634949,200.0,0.342,1.0,0.25,0.6071,0.5333,0.0
allenai/scibert_scivocab_uncased,json,low_knowledge,-0.6031027795733679,0.4928508017303082,0.9560439560439561,0.9560439560439561,0.9615384615384616,0.0,-0.20342281691105724,25.28291368484497,200.0,0.956,0.0,0.0,0.0,0.0,0.0
allenai/scibert_scivocab_uncased,json,medium_knowledge,-0.22375785265562537,2.8200218104195423,0.5766990291262136,0.6601941747572816,0.6990291262135923,1.0,0.096493348842985,31.923043489456177,200.0,0.5498,1.0,0.8,0.7917,0.6842,0.0
allenai/scibert_scivocab_uncased,json,random_baseline,-0.16713530536497584,3.502915349437227,0.5200764818355641,0.5736137667304015,0.609942638623327,0.2,0.14439238263330034,43.682376861572266,200.0,0.516,0.0,0.8333,0.7222,0.431,1.0
allenai/scibert_scivocab_uncased,key_value,balanced_knowledge,-0.16116925297726453,2.953499161357903,0.5141104294478528,0.6650306748466258,0.7165644171779141,0.0125,0.05582370460871444,96.91436243057251,200.0,0.5208,0.4257,1.0,0.8571,0.6111,0.0
allenai/scibert_scivocab_uncased,key_value,high_knowledge,-0.05775905956403016,3.3966502206760962,0.4107002360346184,0.6160503540519277,0.6750590086546027,0.0196078431372549,0.10804082262060338,86.83448386192322,200.0,0.415,0.3695,0.5,0.5161,0.5165,0.0
allenai/scibert_scivocab_uncased,key_value,low_knowledge,-0.6417678182384063,0.04559459331822697,0.9947089947089947,1.0,1.0,0.0,-0.252854358117516,38.40524625778198,200.0,0.9947,0.0,0.0,0.0,0.0,0.0
allenai/scibert_scivocab_uncased,key_value,medium_knowledge,-0.2513368983957219,2.5394927962156566,0.6042780748663101,0.6773618538324421,0.7290552584670231,1.0,-0.06392719767332766,65.29985499382019,200.0,0.5988,0.75,1.0,0.5909,0.6222,0.0
allenai/scibert_scivocab_uncased,key_value,random_baseline,-0.15794416460343202,2.9508690950894687,0.5108853410740203,0.6647314949201741,0.7111756168359942,0.034482758620689655,0.041280883505997346,70.76418995857239,200.0,0.4959,0.4706,0.9,0.75,0.56,1.0
allenai/scibert_scivocab_uncased,mixed,balanced_knowledge,-0.4363150218765192,1.2414246532409534,0.7892561983471075,0.8710743801652893,0.8876033057851239,0.5576923076923077,-0.01630171268543945,65.06655740737915,200.0,0.8228,0.6185,1.0,0.9444,0.9583,0.8
allenai/scibert_scivocab_uncased,mixed,high_knowledge,-0.43375607123583376,1.2068503456913506,0.786697247706422,0.8692660550458715,0.8903669724770642,0.5435684647302904,-0.023413993767250174,62.461896896362305,200.0,0.8237,0.6494,1.0,0.9,0.9071,0.0
allenai/scibert_scivocab_uncased,mixed,low_knowledge,-0.5286377708978327,1.179741593913089,0.881578947368421,0.8848684210526315,0.8848684210526315,0.0,-0.09398836765827612,24.073230981826782,200.0,0.8816,0.0,0.0,0.0,0.0,0.0
allenai/scibert_scivocab_uncased,mixed,medium_knowledge,-0.5052598817304699,1.0183576586491576,0.8582010582010582,0.8952380952380953,0.9037037037037037,1.0,-0.09894179894179889,44.554436445236206,200.0,0.8458,1.0,1.0,1.0,0.8966,1.0
allenai/scibert_scivocab_uncased,mixed,random_baseline,-0.5022192745268099,0.9903449345979174,0.8551604509973981,0.8881179531656548,0.9019947961838681,0.696969696969697,-0.10648099589592463,68.16111516952515,200.0,0.8482,0.8222,1.0,0.8621,0.9868,0.5
allenai/scibert_scivocab_uncased,narrative,balanced_knowledge,0.05200073759911489,4.1309676802956,0.30094043887147337,0.5250783699059561,0.5909090909090909,0.0,0.0736819176239949,17.259382247924805,200.0,0.2853,0.3443,0.0,0.6667,0.0,0.0
allenai/scibert_scivocab_uncased,narrative,high_knowledge,0.06367835595776772,4.27192612684438,0.28926282051282054,0.500801282051282,0.5681089743589743,0.04375,0.11422117195422277,17.46204400062561,200.0,0.2503,0.3865,0.0,0.575,0.0,0.0
allenai/scibert_scivocab_uncased,narrative,low_knowledge,0.1624649859943978,5.628559882235196,0.19047619047619047,0.3492063492063492,0.3968253968253968,0.0,0.08052651955090978,3.4693892002105713,200.0,0.1905,0.0,0.0,0.0,0.0,0.0
allenai/scibert_scivocab_uncased,narrative,medium_knowledge,0.11870694223635403,5.007498992443736,0.23423423423423423,0.36936936936936937,0.43243243243243246,0.0,0.16159909909909909,12.07742714881897,200.0,0.2424,0.5,0.5,0.2308,0.0,0.0
allenai/scibert_scivocab_uncased,narrative,random_baseline,0.06294117647058828,4.363891868619481,0.29,0.472,0.532,0.0,0.08152777777777781,56.24508357048035,200.0,0.2827,0.3504,0.25,0.6364,0.0,0.0
allenai/scibert_scivocab_uncased,template,balanced_knowledge,-0.060560933234053094,3.202065895345447,0.41350210970464135,0.6540084388185654,0.7215189873417721,0.0,0.04897874787575679,23.560786485671997,200.0,0.5149,0.311,0.0,1.0,0.1667,0.0
allenai/scibert_scivocab_uncased,template,high_knowledge,0.036009193836724296,3.6903242115443926,0.31693198263386396,0.5890014471780028,0.6570188133140377,0.02,0.0016275741528396503,29.077672719955444,200.0,0.3173,0.3411,0.0,0.5,0.0,0.0
allenai/scibert_scivocab_uncased,template,low_knowledge,-0.5114656031904288,0.8049512488061922,0.864406779661017,0.8898305084745762,0.9067796610169492,0.0,-0.19656225669281913,12.28175950050354,200.0,0.8644,0.0,0.0,0.0,0.0,0.0
allenai/scibert_scivocab_uncased,template,medium_knowledge,-0.15283249558483897,3.3814855137172204,0.5057736720554272,0.6143187066974596,0.6581986143187067,0.8,-0.007145414167910091,24.392306089401245,200.0,0.5095,0.3,0.8,0.5,0.4722,1.0
allenai/scibert_scivocab_uncased,template,random_baseline,-0.10480530240265118,3.4327012128541496,0.45774647887323944,0.5985915492957746,0.6408450704225352,0.15789473684210525,-0.041752348278962126,19.802274703979492,200.0,0.4449,0.459,1.0,0.6,0.4762,0.75
answerdotai/ModernBERT-base,json,balanced_knowledge,-0.2944090587402689,1.5538534454701516,0.7388535031847133,0.8184713375796179,0.8550955414012739,0.6176470588235294,0.03303759320969435,40.66852402687073,200.0,0.7407,1.0,0.8571,0.75,0.7059,0.0
answerdotai/ModernBERT-base,json,high_knowledge,-0.18118369625907316,2.1148379573592306,0.6256281407035176,0.7525125628140703,0.800251256281407,0.6140350877192983,0.10818319696173007,40.053875207901,200.0,0.6237,0.0,0.0,0.8519,0.587,0.0
answerdotai/ModernBERT-base,json,low_knowledge,-0.548954895489549,0.02915536146394654,0.9933993399339934,1.0,1.0,0.0,-0.16228231865739773,31.27607250213623,200.0,0.9934,0.0,0.0,0.0,0.0,0.0
answerdotai/ModernBERT-base,json,medium_knowledge,-0.31691919191919193,1.3753054725281655,0.7613636363636364,0.8344155844155844,0.8685064935064936,1.0,0.011567012405938604,33.417235374450684,200.0,0.7344,0.6,0.9412,0.8684,0.8793,1.0
answerdotai/ModernBERT-base,json,random_baseline,-0.2623618382780687,1.7109968431148803,0.7068062827225131,0.7766143106457243,0.8167539267015707,0.8,0.0467370243641011,38.20327138900757,200.0,0.6942,0.0,0.9333,0.9286,0.6604,1.0
answerdotai/ModernBERT-base,key_value,balanced_knowledge,-0.24969872258375514,1.6437568178674187,0.6941431670281996,0.8145336225596529,0.8633405639913232,0.75,-0.019364405966252662,39.12941932678223,200.0,0.7121,0.5989,1.0,0.875,0.7018,1.0
answerdotai/ModernBERT-base,key_value,high_knowledge,-0.1826984126984127,1.9799542491757685,0.6271428571428571,0.7821428571428571,0.8471428571428572,0.7432432432432432,-0.0008001461454146819,112.26751756668091,200.0,0.6262,0.6092,1.0,0.9091,0.6078,0.0
answerdotai/ModernBERT-base,key_value,low_knowledge,-0.549124687388353,0.024670774957078746,0.9935691318327974,1.0,1.0,0.0,-0.1643114899114,21.8047137260437,200.0,0.9936,0.0,0.0,0.0,0.0,0.0
answerdotai/ModernBERT-base,key_value,medium_knowledge,-0.3116161616161617,1.4094562291030943,0.7560606060606061,0.8333333333333334,0.8621212121212121,0.5555555555555556,-0.0885521885521886,65.89593172073364,200.0,0.7375,1.0,0.9091,0.9118,0.8261,0.3333
answerdotai/ModernBERT-base,key_value,random_baseline,-0.22994422994422992,1.821587235437501,0.6743886743886743,0.7824967824967825,0.8314028314028314,0.7368421052631579,-0.009924650893813891,36.41469693183899,200.0,0.6844,0.5321,0.7778,0.9091,0.6727,1.0
answerdotai/ModernBERT-base,mixed,balanced_knowledge,-0.3794361525704809,0.9436551176414867,0.8238805970149253,0.9022388059701493,0.932089552238806,0.7222222222222222,-0.031689994764759866,112.38985681533813,200.0,0.8463,0.6439,1.0,0.9706,0.914,1.0
answerdotai/ModernBERT-base,mixed,high_knowledge,-0.36771838046972916,0.9921795565454661,0.8121628249141736,0.8916135360470819,0.9264345267287887,0.8333333333333334,-0.03912831762139524,54.19844675064087,200.0,0.832,0.6908,0.6,0.9318,0.9231,0.0
answerdotai/ModernBERT-base,mixed,low_knowledge,-0.4937578027465668,0.22939762110585415,0.9382022471910112,0.9906367041198502,0.9962546816479401,0.0,-0.07721437378077756,52.08434534072876,200.0,0.9382,0.0,0.0,0.0,0.0,0.0
answerdotai/ModernBERT-base,mixed,medium_knowledge,-0.491919191919192,0.33757506368018486,0.9363636363636364,0.9709090909090909,0.9836363636363636,1.0,-0.11180223285486446,74.3252170085907,200.0,0.9248,1.0,1.0,1.0,1.0,1.0
answerdotai/ModernBERT-base,mixed,random_baseline,-0.43285616905248814,0.6323693101163623,0.8773006134969326,0.9363496932515337,0.9578220858895705,1.0,-0.06260106836885015,112.99228143692017,200.0,0.8957,0.7197,1.0,0.9024,0.9101,1.0
answerdotai/ModernBERT-base,narrative,balanced_knowledge,-0.06263770853005979,2.4853600810540164,0.5070821529745042,0.7039660056657224,0.7903682719546742,0.8333333333333334,-0.030721121455879574,26.383338689804077,200.0,0.4891,0.6066,0.0,0.8235,0.1778,0.0
answerdotai/ModernBERT-base,narrative,high_knowledge,-0.07439117199391176,2.5179362010306754,0.5188356164383562,0.7106164383561644,0.7876712328767124,0.7055555555555556,-0.02956906903227391,26.702683687210083,200.0,0.5064,0.5893,0.75,0.8261,0.0702,0.5
answerdotai/ModernBERT-base,narrative,low_knowledge,0.046386192017259964,3.1893616610205817,0.39805825242718446,0.5436893203883495,0.6601941747572816,0.0,-0.052402060190585575,6.9017815589904785,200.0,0.3981,0.0,0.0,0.0,0.0,0.0
answerdotai/ModernBERT-base,narrative,medium_knowledge,0.1111111111111111,3.6079609919728797,0.3333333333333333,0.5467625899280576,0.6306954436450839,0.0,0.1413160733549083,17.54882574081421,200.0,0.36,0.4,0.4,0.375,0.0769,0.0
answerdotai/ModernBERT-base,narrative,random_baseline,0.012750455373406189,3.0039578669353473,0.43169398907103823,0.6065573770491803,0.6794171220400729,0.64,0.02329782762290611,23.54074001312256,200.0,0.4239,0.5526,0.4286,0.7059,0.0526,0.2
answerdotai/ModernBERT-base,template,balanced_knowledge,-0.19293873312564902,2.025090526969045,0.6373831775700934,0.788785046728972,0.8373831775700935,0.8125,-0.09427387682331811,22.65462017059326,200.0,0.6634,0.6094,0.0,1.0,0.5,0.0
answerdotai/ModernBERT-base,template,high_knowledge,-0.07108350586611456,2.7756852765046376,0.515527950310559,0.7049689440993789,0.7779503105590062,0.810126582278481,-0.13040760020114978,22.362712860107422,200.0,0.4256,0.6144,0.0,1.0,0.2812,0.0
answerdotai/ModernBERT-base,template,low_knowledge,-0.4466446644664467,0.5775940893165111,0.8910891089108911,0.9108910891089109,0.9306930693069307,0.0,-0.14685573034915433,14.601060628890991,200.0,0.8911,0.0,0.0,0.0,0.0,0.0
answerdotai/ModernBERT-base,template,medium_knowledge,-0.24251207729468605,1.8523237210139205,0.6869565217391305,0.7673913043478261,0.8130434782608695,1.0,-0.09062045098739324,21.862237691879272,200.0,0.6768,0.5,1.0,1.0,0.5882,1.0
answerdotai/ModernBERT-base,template,random_baseline,-0.16315049226441636,2.3244551385970103,0.6075949367088608,0.7341772151898734,0.7742616033755274,0.6666666666666666,-0.07533687219273177,20.244036197662354,200.0,0.6,0.5966,0.7692,0.6667,0.5926,0.7778
bert-base-uncased,json,balanced_knowledge,-0.08389974511469839,3.4794718421052298,0.4929906542056075,0.602803738317757,0.6495327102803738,0.6206896551724138,0.11006642723695281,54.490912437438965,200.0,0.4791,0.0,1.0,0.7778,0.4468,1.0
bert-base-uncased,json,high_knowledge,0.03237858032378582,4.2498763144702,0.3767123287671233,0.5095890410958904,0.5589041095890411,0.640625,0.19070222354992433,54.4671356678009,200.0,0.3344,0.0,0.3333,0.8235,0.4891,0.0
bert-base-uncased,json,low_knowledge,-0.47326203208556145,0.7153515607827465,0.8823529411764706,0.934640522875817,0.9411764705882353,0.0,-0.2238366866613275,37.06423759460449,200.0,0.8824,0.0,0.0,0.0,0.0,0.0
bert-base-uncased,json,medium_knowledge,-0.03786168684588548,3.954790346671657,0.4469525959367946,0.5417607223476298,0.582392776523702,0.75,0.16511866170744893,45.329588413238525,200.0,0.4063,1.0,0.625,0.7143,0.6667,0.0
bert-base-uncased,json,random_baseline,-0.10695847362514027,3.3801963061588736,0.5160493827160494,0.5975308641975309,0.6469135802469136,1.0,0.07112292575938961,50.461055755615234,200.0,0.4909,0.0,0.7143,0.9167,0.4889,1.0
bert-base-uncased,key_value,balanced_knowledge,-0.09923175416133162,3.1167567404678063,0.5083226632522407,0.6709346991037132,0.7157490396927016,0.6792452830188679,-0.0126912097176895,36.879438161849976,200.0,0.5196,0.4537,1.0,0.8,0.4727,1.0
bert-base-uncased,key_value,high_knowledge,-0.07626142661772112,3.162978514910411,0.48535233570863023,0.6539984164687253,0.714172604908947,0.7348837209302326,-0.013977735301771765,35.78095579147339,200.0,0.4637,0.5049,1.0,0.95,0.4659,0.0
bert-base-uncased,key_value,low_knowledge,-0.46077210460772106,0.9576710350441625,0.8698630136986302,0.9178082191780822,0.9315068493150684,0.0,-0.21156185539747185,17.12955665588379,200.0,0.8699,0.0,0.0,0.0,0.0,0.0
bert-base-uncased,key_value,medium_knowledge,-0.1097375427919361,3.425037212873523,0.5188284518828452,0.6150627615062761,0.6527196652719666,0.6666666666666666,-0.0484561393500712,25.027451276779175,200.0,0.5181,0.0,0.9091,0.4737,0.5385,0.3333
bert-base-uncased,key_value,random_baseline,-0.09564095210782902,3.2238326113692577,0.5047318611987381,0.6435331230283912,0.7018927444794952,0.967741935483871,-0.013931690039131805,38.171831130981445,200.0,0.5057,0.4083,0.9167,0.7333,0.5435,1.0
bert-base-uncased,mixed,balanced_knowledge,-0.3228928965771071,1.8097358538351909,0.7319838056680162,0.8307692307692308,0.854251012145749,0.8579545454545454,-0.04997209731250796,68.59542894363403,200.0,0.7509,0.6224,1.0,1.0,0.8111,1.0
bert-base-uncased,mixed,high_knowledge,-0.34032140872761457,1.7081821488747253,0.7494123178185237,0.8345086976962859,0.8551951104842501,0.828169014084507,-0.06190065084073759,71.101313829422,200.0,0.7632,0.6719,1.0,0.9273,0.8452,1.0
bert-base-uncased,mixed,low_knowledge,-0.38317962231005703,2.1473987742292504,0.7922705314009661,0.8309178743961353,0.8454106280193237,0.0,-0.08856682769726243,27.67783546447754,200.0,0.7923,0.0,0.0,0.0,0.0,0.0
bert-base-uncased,mixed,medium_knowledge,-0.40014359880702527,1.568106980581317,0.8092345078979344,0.850546780072904,0.8639125151883353,0.6363636363636364,-0.12839851781646072,51.3946967124939,200.0,0.7977,0.8,0.6923,0.9474,0.8657,1.0
bert-base-uncased,mixed,random_baseline,-0.3749022062275074,1.6446734254392417,0.7839931153184165,0.8407917383820999,0.8631669535283993,0.9344262295081968,-0.09709036096203649,68.8504204750061,200.0,0.7811,0.7773,0.7917,0.9714,0.7586,0.7
bert-base-uncased,narrative,balanced_knowledge,-0.007152745731425936,3.6266956222686937,0.41624365482233505,0.6040609137055838,0.6582064297800339,0.7314814814814815,0.013475220679672995,24.695952892303467,200.0,0.4131,0.4684,0.0,0.8,0.0,0.0
bert-base-uncased,narrative,high_knowledge,-0.024785902503293766,3.399123088598585,0.4338768115942029,0.6403985507246377,0.6965579710144928,0.7443946188340808,-0.0009988087680135038,27.20106840133667,200.0,0.4121,0.4878,0.5,0.9355,0.0351,1.0
bert-base-uncased,narrative,low_knowledge,0.29144385026737973,7.124952853894701,0.11764705882352941,0.23529411764705882,0.3333333333333333,0.0,0.1716930426993132,7.5580079555511475,200.0,0.1176,0.0,0.0,0.0,0.0,0.0
bert-base-uncased,narrative,medium_knowledge,0.11551292743953295,4.976661874967638,0.29357798165137616,0.40672782874617736,0.4617737003058104,0.0,0.12318848541449212,18.782052278518677,200.0,0.3143,0.25,0.0,0.5,0.0,0.5
bert-base-uncased,narrative,random_baseline,0.09474906233255942,4.1950850405601425,0.3143418467583497,0.5304518664047151,0.6149312377210217,0.8571428571428571,0.05205672339357165,22.599628925323486,200.0,0.2971,0.3853,0.75,0.6471,0.0571,0.25
bert-base-uncased,template,balanced_knowledge,-0.07358807474280915,3.1012049842783624,0.48267898383371827,0.6697459584295612,0.7321016166281755,0.6493506493506493,-0.06286052695020844,30.002586841583252,200.0,0.5263,0.4646,1.0,1.0,0.0952,1.0
bert-base-uncased,template,high_knowledge,-0.03136820138254853,3.380316810255713,0.44045911047345765,0.6384505021520803,0.7015781922525107,0.7647058823529411,-0.09435787928330719,26.67383623123169,200.0,0.3877,0.4974,0.0,1.0,0.0714,1.0
bert-base-uncased,template,low_knowledge,-0.28815679733110927,2.2249720517909886,0.6972477064220184,0.7522935779816514,0.7798165137614679,0.0,-0.11726641549591921,15.159175872802734,200.0,0.6972,0.0,0.0,0.0,0.0,0.0
bert-base-uncased,template,medium_knowledge,-0.12199717381064529,3.06088400050671,0.5310880829015544,0.6787564766839378,0.7072538860103627,0.3333333333333333,-0.04923480104827255,25.48408842086792,200.0,0.5058,0.0,1.0,0.7059,0.7619,0.0
bert-base-uncased,template,random_baseline,0.0014959723820483495,3.96348107937819,0.40759493670886077,0.549367088607595,0.6227848101265823,0.48148148148148145,0.033581533879374514,26.283242225646973,200.0,0.3984,0.3786,1.0,0.8571,0.375,1.0
dmis-lab/biobert-base-cased-v1.2,json,balanced_knowledge,-0.06282051282051276,3.4683607254120163,0.5128205128205128,0.5443786982248521,0.6015779092702169,0.34375,0.08930763892595961,27.046773433685303,200.0,0.492,1.0,1.0,0.7222,0.5714,1.0
dmis-lab/biobert-base-cased-v1.2,json,high_knowledge,0.08414634146341465,4.308278903844146,0.36585365853658536,0.43360433604336046,0.5067750677506775,0.1896551724137931,0.1762680263308093,30.110368251800537,200.0,0.3403,1.0,0.0,0.4286,0.5341,0.0
dmis-lab/biobert-base-cased-v1.2,json,low_knowledge,-0.55,0.028661192162420034,1.0,1.0,1.0,0.0,-0.3266237251744498,26.166422843933105,200.0,1.0,0.0,0.0,0.0,0.0,0.0
dmis-lab/biobert-base-cased-v1.2,json,medium_knowledge,-0.13163265306122446,2.866460121965451,0.5816326530612245,0.6346938775510204,0.6714285714285714,1.0,0.0034843205574912606,23.726080894470215,200.0,0.5603,1.0,1.0,0.7143,0.6486,1.0
dmis-lab/biobert-base-cased-v1.2,json,random_baseline,-0.019348659003831425,3.812031248328853,0.46934865900383144,0.5191570881226054,0.5651340996168582,0.42857142857142855,0.10140605797730068,25.409430980682373,200.0,0.4519,0.0,0.8182,0.6667,0.4706,1.0
dmis-lab/biobert-base-cased-v1.2,key_value,balanced_knowledge,0.020228091236494605,3.331875463901063,0.4297719087635054,0.5522208883553421,0.6398559423769508,0.3577981651376147,0.08255786672416482,24.010767698287964,200.0,0.4775,0.2466,1.0,0.5714,0.5957,1.0
dmis-lab/biobert-base-cased-v1.2,key_value,high_knowledge,0.08385533184190902,3.8381930214371702,0.366144668158091,0.48396718866517524,0.5749440715883669,0.4375,0.11489484390767407,54.06201362609863,200.0,0.3855,0.267,0.0,0.7742,0.5974,0.0
dmis-lab/biobert-base-cased-v1.2,key_value,low_knowledge,-0.531012658227848,0.10652612632927512,0.9810126582278481,0.9936708860759493,1.0,0.0,-0.30722855383876146,13.433369636535645,200.0,0.981,0.0,0.0,0.0,0.0,0.0
dmis-lab/biobert-base-cased-v1.2,key_value,medium_knowledge,-0.1642857142857143,2.5485958250373706,0.6142857142857143,0.6678571428571428,0.7089285714285715,1.0,-0.10723661365372594,20.835562229156494,200.0,0.6021,0.8333,0.5,0.6957,0.6809,1.0
dmis-lab/biobert-base-cased-v1.2,key_value,random_baseline,-0.004281567489114624,3.3189626943451414,0.45428156748911463,0.555878084179971,0.625544267053701,0.5,0.022696000397544158,22.358259439468384,200.0,0.4926,0.2465,0.5455,0.6667,0.5854,0.6667
dmis-lab/biobert-base-cased-v1.2,mixed,balanced_knowledge,-0.27440273037542656,1.872026197073455,0.7244027303754266,0.7798634812286689,0.8037542662116041,0.673469387755102,-0.014555574274198846,30.738299131393433,200.0,0.771,0.5056,1.0,0.8889,0.96,0.6667
dmis-lab/biobert-base-cased-v1.2,mixed,high_knowledge,-0.2572477498815727,1.8756735894119125,0.7072477498815727,0.7664613927048792,0.8034107058266224,0.6723549488054608,0.0029681818912453695,31.903045415878296,200.0,0.7624,0.5,1.0,0.8824,0.8812,0.0
dmis-lab/biobert-base-cased-v1.2,mixed,low_knowledge,-0.44583333333333336,1.004994026930144,0.8958333333333334,0.8958333333333334,0.9,0.0,-0.17492270938729626,15.66022276878357,200.0,0.8958,0.0,0.0,0.0,0.0,0.0
dmis-lab/biobert-base-cased-v1.2,mixed,medium_knowledge,-0.41348501664816867,1.0524703629710144,0.8634850166481687,0.8845726970033296,0.8967813540510544,1.0,-0.16174175198889773,25.280773878097534,200.0,0.8539,0.9,1.0,0.8966,0.9394,1.0
dmis-lab/biobert-base-cased-v1.2,mixed,random_baseline,-0.36401167639699744,1.3162018747524948,0.8140116763969975,0.8473728106755629,0.8640533778148457,0.7014925373134329,-0.11116517466781417,44.83258008956909,200.0,0.8434,0.6267,1.0,0.9355,0.9213,1.0
dmis-lab/biobert-base-cased-v1.2,narrative,balanced_knowledge,0.23208955223880598,4.719004995747011,0.21791044776119403,0.3522388059701492,0.4671641791044776,0.4732142857142857,0.1100307287093942,32.39288806915283,200.0,0.2077,0.2511,0.0,0.3889,0.0,0.0
dmis-lab/biobert-base-cased-v1.2,narrative,high_knowledge,0.21851851851851853,4.698068831704309,0.23148148148148148,0.36195286195286197,0.4764309764309764,0.4507042253521127,0.11413863994089493,27.134114503860474,200.0,0.1965,0.2937,0.0,0.625,0.0,0.0
dmis-lab/biobert-base-cased-v1.2,narrative,low_knowledge,0.3923076923076923,6.9806732517093995,0.057692307692307696,0.11538461538461539,0.21153846153846154,0.0,0.1475024975024975,8.771286249160767,200.0,0.0577,0.0,0.0,0.0,0.0,0.0
dmis-lab/biobert-base-cased-v1.2,narrative,medium_knowledge,0.2911764705882353,5.763507740985712,0.1588235294117647,0.2323529411764706,0.3058823529411765,0.0,0.18211023823210065,23.05278468132019,200.0,0.1743,0.0,0.0,0.25,0.0,0.0
dmis-lab/biobert-base-cased-v1.2,narrative,random_baseline,0.24362101313320828,5.2032039265862995,0.20637898686679174,0.32082551594746717,0.41088180112570355,0.4117647058823529,0.12000990202209716,32.249475717544556,200.0,0.2147,0.2028,0.0,0.5385,0.0,0.25
dmis-lab/biobert-base-cased-v1.2,template,balanced_knowledge,0.10407554671968194,4.2463935279418745,0.34592445328031807,0.4552683896620278,0.5288270377733598,0.5915492957746479,0.06538296721438158,16.231855630874634,200.0,0.4444,0.2588,0.0,0.4286,0.125,1.0
dmis-lab/biobert-base-cased-v1.2,template,high_knowledge,0.19034620505992011,4.626843282354861,0.2596537949400799,0.40612516644474034,0.4793608521970706,0.5419354838709678,0.0441949559039444,15.965195894241333,200.0,0.2796,0.2609,0.0,0.5,0.0625,0.0
dmis-lab/biobert-base-cased-v1.2,template,low_knowledge,-0.433495145631068,0.9756077406407059,0.883495145631068,0.912621359223301,0.9223300970873787,0.0,-0.2751918965335951,10.794155359268188,200.0,0.8835,0.0,0.0,0.0,0.0,0.0
dmis-lab/biobert-base-cased-v1.2,template,medium_knowledge,-0.06502145922746777,3.293223880795827,0.5150214592274678,0.6008583690987125,0.6373390557939914,0.7142857142857143,-0.05938436783320494,15.67223334312439,200.0,0.5087,0.0,0.8571,0.6842,0.5,0.5
dmis-lab/biobert-base-cased-v1.2,template,random_baseline,0.12887931034482758,4.467770882599466,0.32112068965517243,0.4267241379310345,0.5064655172413793,0.48717948717948717,0.08716787519517294,14.62448000907898,200.0,0.3673,0.1908,0.8,0.375,0.4,1.0
microsoft/BiomedNLP-PubMedBERT-base-uncased-abstract-fulltext,json,balanced_knowledge,0.06719120769326836,4.597827078098965,0.4033970276008493,0.4543524416135881,0.49044585987261147,0.0,0.2289426291290514,27.893778324127197,200.0,0.3818,1.0,1.0,0.3125,0.587,0.0
microsoft/BiomedNLP-PubMedBERT-base-uncased-abstract-fulltext,json,high_knowledge,0.22191098661686898,5.569706555432969,0.24867724867724866,0.31746031746031744,0.36904761904761907,0.0,0.35988354536741635,27.951339960098267,200.0,0.2253,1.0,0.0,0.2692,0.4304,0.0
microsoft/BiomedNLP-PubMedBERT-base-uncased-abstract-fulltext,json,low_knowledge,-0.4661933739012847,0.42443881191153016,0.9367816091954023,0.9540229885057471,0.9540229885057471,0.0,-0.20428561774697906,20.680766105651855,200.0,0.9368,0.0,0.0,0.0,0.0,0.0
microsoft/BiomedNLP-PubMedBERT-base-uncased-abstract-fulltext,json,medium_knowledge,-0.04199757706286178,3.567324773892381,0.5125858123569794,0.5766590389016019,0.6086956521739131,1.0,0.1374525606284388,24.552488803863525,200.0,0.4789,1.0,1.0,0.8333,0.6,0.0
microsoft/BiomedNLP-PubMedBERT-base-uncased-abstract-fulltext,json,random_baseline,0.008894686907020888,3.9856811330061808,0.46169354838709675,0.5181451612903226,0.5584677419354839,0.7142857142857143,0.17674215218871903,25.84716033935547,200.0,0.4289,0.0,0.7,0.619,0.625,1.0
microsoft/BiomedNLP-PubMedBERT-base-uncased-abstract-fulltext,key_value,balanced_knowledge,0.12183378689554114,4.780635418210114,0.3487544483985765,0.44365361803084225,0.4744958481613286,0.0,0.1858148833897587,24.649808168411255,200.0,0.3789,0.2212,1.0,0.2308,0.6038,0.0
microsoft/BiomedNLP-PubMedBERT-base-uncased-abstract-fulltext,key_value,high_knowledge,0.20245636716224952,5.297437388785273,0.2681318681318681,0.36117216117216117,0.41904761904761906,0.0,0.22441417103796524,25.023220539093018,200.0,0.2542,0.2427,0.0,0.2581,0.5106,0.0
microsoft/BiomedNLP-PubMedBERT-base-uncased-abstract-fulltext,key_value,low_knowledge,-0.46240145542753186,0.510991375026163,0.9329896907216495,0.9587628865979382,0.9587628865979382,0.0,-0.21561145861100606,11.45783019065857,200.0,0.933,0.0,0.0,0.0,0.0,0.0
microsoft/BiomedNLP-PubMedBERT-base-uncased-abstract-fulltext,key_value,medium_knowledge,0.015161878704970377,4.079950924059468,0.45542635658914726,0.5193798449612403,0.5581395348837209,1.0,0.07243904824786646,18.10603618621826,200.0,0.4052,0.4444,1.0,0.7308,0.6591,1.0
microsoft/BiomedNLP-PubMedBERT-base-uncased-abstract-fulltext,key_value,random_baseline,0.10155784455605688,4.665201715279531,0.36903039073806077,0.45007235890014474,0.49493487698986977,0.125,0.1513296606978587,24.138705492019653,200.0,0.393,0.2482,0.5455,0.4286,0.3824,1.0
microsoft/BiomedNLP-PubMedBERT-base-uncased-abstract-fulltext,mixed,balanced_knowledge,-0.267078170344097,1.9755477681185314,0.7376664056382146,0.7713390759592795,0.7924823805794832,0.5042735042735043,0.0252727201327696,36.73510980606079,200.0,0.7692,0.5666,1.0,0.9032,0.9605,0.6667
microsoft/BiomedNLP-PubMedBERT-base-uncased-abstract-fulltext,mixed,high_knowledge,-0.27391340251589635,1.9747331273982784,0.744501637810014,0.7800655124005615,0.7950397753860552,0.6008583690987125,0.019467883234978722,38.193206548690796,200.0,0.7861,0.5905,1.0,0.9216,0.9097,0.0
microsoft/BiomedNLP-PubMedBERT-base-uncased-abstract-fulltext,mixed,low_knowledge,-0.4136222910216718,1.1802894546396554,0.8842105263157894,0.8947368421052632,0.8947368421052632,0.0,-0.11869655189608319,14.364784002304077,200.0,0.8842,0.0,0.0,0.0,0.0,0.0
microsoft/BiomedNLP-PubMedBERT-base-uncased-abstract-fulltext,mixed,medium_knowledge,-0.36219864995178397,1.4963381920612397,0.8327868852459016,0.853551912568306,0.8601092896174863,1.0,-0.1021994443276032,26.684154987335205,200.0,0.813,1.0,1.0,0.9355,0.9818,1.0
microsoft/BiomedNLP-PubMedBERT-base-uncased-abstract-fulltext,mixed,random_baseline,-0.3646863071351669,1.2321079108985422,0.8352745424292846,0.8602329450915142,0.870216306156406,0.7045454545454546,-0.07254853408436102,36.227444887161255,200.0,0.838,0.7725,1.0,0.9667,0.8889,1.0
microsoft/BiomedNLP-PubMedBERT-base-uncased-abstract-fulltext,narrative,balanced_knowledge,0.3064778058462649,5.967867245968357,0.16411042944785276,0.27300613496932513,0.3312883435582822,0.0,0.21170125886383556,29.828535318374634,200.0,0.1111,0.2691,0.0,0.25,0.0,0.0
microsoft/BiomedNLP-PubMedBERT-base-uncased-abstract-fulltext,narrative,high_knowledge,0.30921904214008344,6.017195479753833,0.16136919315403422,0.2852485737571312,0.34555827220863894,0.0,0.23145422516513478,28.09706449508667,200.0,0.1447,0.1905,0.0,0.439,0.0,0.0
microsoft/BiomedNLP-PubMedBERT-base-uncased-abstract-fulltext,narrative,low_knowledge,0.4297719087635054,7.8599342849789835,0.04081632653061224,0.14285714285714285,0.20408163265306123,0.0,0.12174524982406756,6.5881733894348145,200.0,0.0408,0.0,0.0,0.0,0.0,0.0
microsoft/BiomedNLP-PubMedBERT-base-uncased-abstract-fulltext,narrative,medium_knowledge,0.3682490540075679,6.864028301547454,0.1023391812865497,0.19005847953216373,0.2222222222222222,0.0,0.27179476790513624,22.63961625099182,200.0,0.1014,0.0,0.0,0.3571,0.0,0.0
microsoft/BiomedNLP-PubMedBERT-base-uncased-abstract-fulltext,narrative,random_baseline,0.30232819705319985,6.173670828164364,0.1682600382409178,0.26003824091778205,0.30975143403441685,0.0,0.18838935726858136,22.64075231552124,200.0,0.1474,0.254,0.0,0.4167,0.0,0.0
microsoft/BiomedNLP-PubMedBERT-base-uncased-abstract-fulltext,template,balanced_knowledge,0.1365318361617966,5.045938825795067,0.33405639913232105,0.41865509761388287,0.4642082429501085,0.02631578947368421,0.11376291550942352,15.848424196243286,200.0,0.4234,0.242,0.0,0.6,0.2308,0.5
microsoft/BiomedNLP-PubMedBERT-base-uncased-abstract-fulltext,template,high_knowledge,0.24583716843778763,5.669598001567821,0.22475106685633,0.32574679943101,0.3911806543385491,0.0,0.06717875770507348,16.065653562545776,200.0,0.2542,0.2122,0.0,0.5,0.0435,0.0
microsoft/BiomedNLP-PubMedBERT-base-uncased-abstract-fulltext,template,low_knowledge,-0.3377450980392157,1.5970166292844472,0.8083333333333333,0.8166666666666667,0.825,0.0,-0.16367651317694765,8.520643472671509,200.0,0.8083,0.0,0.0,0.0,0.0,0.0
microsoft/BiomedNLP-PubMedBERT-base-uncased-abstract-fulltext,template,medium_knowledge,0.088492165425122,4.658801911463839,0.38209606986899564,0.4432314410480349,0.48034934497816595,0.8333333333333334,0.09540041395660209,14.788868188858032,200.0,0.3501,0.6667,0.8889,0.5333,0.5556,0.25
microsoft/BiomedNLP-PubMedBERT-base-uncased-abstract-fulltext,template,random_baseline,0.1334583947474206,4.836511637881842,0.33712984054669703,0.43507972665148065,0.48291571753986334,0.11764705882352941,0.06836035553173436,13.809845209121704,200.0,0.3764,0.2222,0.875,0.5,0.3182,0.4286
nlpaueb/legal-bert-base-uncased,json,balanced_knowledge,-0.002941176470588225,2.692830669509237,0.6029411764705882,0.6785714285714286,0.7058823529411765,0.0,0.03623408126137051,28.193002700805664,200.0,0.5918,1.0,1.0,0.8182,0.569,0.0
nlpaueb/legal-bert-base-uncased,json,high_knowledge,0.1192307692307692,3.3654892992868395,0.4807692307692308,0.5810439560439561,0.6222527472527473,0.0,0.1331888948538998,32.41861820220947,200.0,0.445,0.0,0.5,0.75,0.6404,0.0
nlpaueb/legal-bert-base-uncased,json,low_knowledge,-0.36531791907514455,0.25022517063119903,0.9653179190751445,0.9653179190751445,0.9653179190751445,0.0,-0.2367309032540862,19.765726566314697,200.0,0.9653,0.0,0.0,0.0,0.0,0.0
nlpaueb/legal-bert-base-uncased,json,medium_knowledge,-0.061637931034482785,2.3075592686839994,0.6616379310344828,0.7349137931034483,0.7586206896551724,1.0,-0.01144972526283905,24.864091873168945,200.0,0.6408,1.0,1.0,0.8,0.7111,0.0
nlpaueb/legal-bert-base-uncased,json,random_baseline,0.03052837573385514,2.8244820280457086,0.5694716242661448,0.6477495107632094,0.700587084148728,0.42857142857142855,0.07598925337490459,26.16392755508423,200.0,0.5584,0.0,0.6364,0.7727,0.56,0.0
nlpaueb/legal-bert-base-uncased,key_value,balanced_knowledge,0.14151624548736458,3.43697014052377,0.4584837545126354,0.5703971119133574,0.6329723225030084,0.04310344827586207,0.06514429426785245,27.309857606887817,200.0,0.549,0.1905,1.0,0.9286,0.7222,0.0
nlpaueb/legal-bert-base-uncased,key_value,high_knowledge,0.20175054704595186,3.851134623850172,0.3982494529540481,0.5317286652078774,0.5959153902261123,0.06842105263157895,0.08150307797958517,23.943995714187622,200.0,0.4518,0.2473,0.0,0.75,0.6076,0.0
nlpaueb/legal-bert-base-uncased,key_value,low_knowledge,-0.37126436781609196,0.1515854519797588,0.9712643678160919,0.9885057471264368,0.9885057471264368,0.0,-0.28646832331671,11.607787132263184,200.0,0.9713,0.0,0.0,0.0,0.0,0.0
nlpaueb/legal-bert-base-uncased,key_value,medium_knowledge,-0.03888888888888886,2.1775324288731888,0.6388888888888888,0.7420634920634921,0.7896825396825397,1.0,-0.12048092868988391,18.534679651260376,200.0,0.5991,0.6667,1.0,0.8889,0.8235,1.0
nlpaueb/legal-bert-base-uncased,key_value,random_baseline,0.1049088359046283,3.1734290388534285,0.4950911640953717,0.6143057503506312,0.6549789621318373,0.17142857142857143,0.010772159802727832,25.38146948814392,200.0,0.5397,0.2171,0.6667,0.8846,0.6667,1.0
nlpaueb/legal-bert-base-uncased,mixed,balanced_knowledge,-0.08335901386748845,1.9949446644612339,0.6833590138674884,0.7542372881355932,0.7788906009244992,0.5570469798657718,0.02444767758232569,37.12394189834595,200.0,0.74,0.429,1.0,0.925,0.9894,1.0
nlpaueb/legal-bert-base-uncased,mixed,high_knowledge,-0.1136851938346567,1.8303766248001447,0.7136851938346567,0.7730032695002336,0.8019617001401215,0.4591439688715953,0.020338045090543044,37.05732321739197,200.0,0.7728,0.5075,1.0,0.9423,0.942,0.0
nlpaueb/legal-bert-base-uncased,mixed,low_knowledge,-0.19310344827586212,1.2989606037002401,0.7931034482758621,0.8237547892720306,0.8390804597701149,0.0,-0.0640394088669951,14.90695333480835,200.0,0.7931,0.0,0.0,0.0,0.0,0.0
nlpaueb/legal-bert-base-uncased,mixed,medium_knowledge,-0.24983314794215794,1.023227942163023,0.8498331479421579,0.8654060066740823,0.8843159065628476,1.0,-0.13899375600560804,27.344098329544067,200.0,0.8382,1.0,1.0,0.8889,0.8904,1.0
nlpaueb/legal-bert-base-uncased,mixed,random_baseline,-0.1900826446280992,1.3737858095694215,0.7900826446280992,0.828099173553719,0.856198347107438,0.7083333333333334,-0.06103311316892912,36.36919903755188,200.0,0.7995,0.698,0.7778,0.9231,0.8696,0.75
nlpaueb/legal-bert-base-uncased,narrative,balanced_knowledge,0.32205438066465253,4.532992404033204,0.27794561933534745,0.44108761329305135,0.49697885196374625,0.04716981132075472,0.06798030659057847,17.161413431167603,200.0,0.3271,0.1948,0.0,0.6364,0.0606,0.0
nlpaueb/legal-bert-base-uncased,narrative,high_knowledge,0.31759656652360513,4.483326711683547,0.28240343347639485,0.46437768240343347,0.5158798283261803,0.050505050505050504,0.08306741854154237,34.07215070724487,200.0,0.3367,0.2206,0.5,0.6667,0.0469,0.0
nlpaueb/legal-bert-base-uncased,narrative,low_knowledge,0.4653846153846154,6.332172101471,0.1346153846153846,0.25,0.3269230769230769,0.0,0.016102318733897697,4.974729537963867,200.0,0.1346,0.0,0.0,0.0,0.0,0.0
nlpaueb/legal-bert-base-uncased,narrative,medium_knowledge,0.34233128834355825,4.922045872238196,0.25766871165644173,0.38650306748466257,0.4539877300613497,0.0,0.1031560306115995,13.06631851196289,200.0,0.2873,0.0,0.0,0.3077,0.037,0.0
nlpaueb/legal-bert-base-uncased,narrative,random_baseline,0.32147001934235975,4.665200874936113,0.27852998065764023,0.42940038684719534,0.4990328820116054,0.03571428571428571,0.061019358891699294,15.865241050720215,200.0,0.306,0.2448,0.2,0.4737,0.0606,0.0
nlpaueb/legal-bert-base-uncased,template,balanced_knowledge,0.22749003984063743,4.081753665406991,0.37250996015936255,0.5278884462151394,0.5876494023904383,0.057971014492753624,0.056286263286742855,16.06524968147278,200.0,0.5159,0.214,0.0,1.0,0.3333,0.0
nlpaueb/legal-bert-base-uncased,template,high_knowledge,0.3979924717691342,5.317472502553257,0.20200752823086573,0.37641154328732745,0.4466750313676286,0.05747126436781609,0.06389233645113698,15.856850624084473,200.0,0.2525,0.176,0.0,0.0,0.1034,0.0
nlpaueb/legal-bert-base-uncased,template,low_knowledge,-0.1698412698412699,1.4540458468699153,0.7698412698412699,0.8412698412698413,0.873015873015873,0.0,-0.15750646807915536,8.711050271987915,200.0,0.7698,0.0,0.0,0.0,0.0,0.0
nlpaueb/legal-bert-base-uncased,template,medium_knowledge,0.012195121951219523,2.741659600838548,0.5878048780487805,0.675609756097561,0.7268292682926829,0.0,-0.08980487804878046,14.99319314956665,200.0,0.5826,0.25,1.0,0.7857,0.5476,0.0
nlpaueb/legal-bert-base-uncased,template,random_baseline,0.19715639810426538,3.956097132474635,0.4028436018957346,0.5355450236966824,0.5876777251184834,0.13636363636363635,-0.013914250111320914,14.157618999481201,200.0,0.4625,0.2331,1.0,0.5556,0.5455,1.0
roberta-base,json,balanced_knowledge,-0.1757776082718875,1.7615073945172817,0.7020933977455717,0.8035426731078905,0.8244766505636071,0.7777777777777778,-0.015543968087777027,32.14606833457947,200.0,0.7118,0.0,1.0,0.8148,0.5753,1.0
roberta-base,json,high_knowledge,-0.0710713839229904,2.5037476316122715,0.5973871733966746,0.7042755344418052,0.7470308788598575,0.4339622641509434,0.05046345621687298,29.898460865020752,200.0,0.596,1.0,0.4,0.7241,0.5728,0.0
roberta-base,json,low_knowledge,-0.45019427764040976,0.17381177817680044,0.9765100671140939,0.9832214765100671,0.9832214765100671,0.0,-0.2173588734801417,22.936333656311035,200.0,0.9765,0.0,0.0,0.0,0.0,0.0
roberta-base,json,medium_knowledge,-0.22855434039644573,1.5631880597280046,0.7548701298701299,0.8214285714285714,0.8441558441558441,1.0,-0.08820346320346328,25.313564777374268,200.0,0.728,1.0,1.0,1.0,0.7,0.0
roberta-base,json,random_baseline,-0.17625655779319682,1.741003158750838,0.702572347266881,0.7909967845659164,0.8118971061093248,0.42857142857142855,-0.02073130098921505,82.10910391807556,200.0,0.7019,0.0,1.0,0.8077,0.6038,0.5
roberta-base,key_value,balanced_knowledge,-0.14428506889541448,1.845950033109463,0.6706008583690987,0.7854077253218884,0.8240343347639485,0.7608695652173914,-0.0503982179024115,29.379499435424805,200.0,0.7138,0.5325,1.0,0.8571,0.6842,1.0
roberta-base,key_value,high_knowledge,-0.06599718238630214,2.3005807240582294,0.5923129718599863,0.727522306108442,0.7783115991763898,0.7167630057803468,-0.036094066387349466,31.24618625640869,200.0,0.6016,0.5506,0.5,0.7879,0.6556,0.5
roberta-base,key_value,low_knowledge,-0.4325449700199867,0.21887138656657945,0.9588607594936709,0.9778481012658228,0.9841772151898734,0.0,-0.21479515742202648,17.142719984054565,200.0,0.9589,0.0,0.0,0.0,0.0,0.0
roberta-base,key_value,medium_knowledge,-0.21219451163566605,1.589164899228598,0.7385103011093502,0.8177496038034865,0.8446909667194928,1.0,-0.13471335517455862,21.774256467819214,200.0,0.7146,0.6667,1.0,0.9474,0.7073,1.0
roberta-base,key_value,random_baseline,-0.13189677091278929,2.03085303138536,0.6582125603864735,0.7584541062801933,0.785024154589372,0.8235294117647058,-0.07833923174467194,27.435433864593506,200.0,0.6958,0.4903,0.9231,0.75,0.6,1.0
roberta-base,mixed,balanced_knowledge,-0.233538225124856,1.1866581787279988,0.7598540145985402,0.8678832116788321,0.8854014598540146,0.75,-0.05497976576702446,41.28872084617615,200.0,0.7975,0.5134,1.0,0.9459,0.9579,1.0
roberta-base,mixed,high_knowledge,-0.22817522849038763,1.3004521131660105,0.7544910179640718,0.8468063872255489,0.874750499001996,0.7889447236180904,-0.05087395839955855,40.997334718704224,200.0,0.7717,0.6445,0.0,0.902,0.9051,0.0
roberta-base,mixed,low_knowledge,-0.33677944862155396,0.45783633274458785,0.8630952380952381,0.9583333333333334,0.9702380952380952,0.0,-0.12116940077466398,22.656036138534546,200.0,0.8631,0.0,0.0,0.0,0.0,0.0
roberta-base,mixed,medium_knowledge,-0.3604291769692688,0.5349544700772739,0.886744966442953,0.9496644295302014,0.9614093959731543,1.0,-0.16134389692423645,31.55676817893982,200.0,0.8715,1.0,1.0,1.0,0.9157,1.0
roberta-base,mixed,random_baseline,-0.29977116704805495,0.8255679600455507,0.8260869565217391,0.9115696389093588,0.9299926308032425,0.8604651162790697,-0.08349014558779833,40.078195333480835,200.0,0.8315,0.7065,0.9259,0.9459,0.9072,1.0
roberta-base,narrative,balanced_knowledge,0.047937411095305804,2.8180402665921114,0.4783783783783784,0.6486486486486487,0.731081081081081,0.7912087912087912,-0.04044253458479402,20.06399369239807,200.0,0.4432,0.5294,1.0,0.9412,0.2857,1.0
roberta-base,narrative,high_knowledge,0.06928156894136478,3.004532680392023,0.4570342205323194,0.6342205323193917,0.6988593155893537,0.7543859649122807,0.025019391462228535,20.785800457000732,200.0,0.4297,0.5031,0.75,0.7917,0.2951,0.0
roberta-base,narrative,low_knowledge,0.091130604288499,2.9293261917601168,0.4351851851851852,0.6481481481481481,0.7314814814814815,0.0,-0.15022943297279578,5.16321063041687,200.0,0.4352,0.0,0.0,0.0,0.0,0.0
roberta-base,narrative,medium_knowledge,0.14859181852937425,3.8099072055142105,0.37772397094430993,0.5205811138014528,0.5714285714285714,0.0,0.07752464784022045,13.455817222595215,200.0,0.4086,0.0,0.25,0.4091,0.0938,0.0
roberta-base,narrative,random_baseline,0.10161189776471635,3.2256644221885917,0.42470389170896783,0.6142131979695431,0.6802030456852792,0.9166666666666666,0.018000147862342997,18.424291610717773,200.0,0.4165,0.4545,0.5,0.8333,0.2439,0.25
roberta-base,template,balanced_knowledge,-0.03002223869532994,2.5122173586565575,0.5563380281690141,0.6936619718309859,0.7376760563380281,0.7666666666666667,-0.014729151608681268,17.5868022441864,200.0,0.5884,0.5118,1.0,0.9091,0.4211,0.6
roberta-base,template,high_knowledge,0.04987599889776795,2.8990086017530343,0.47643979057591623,0.650523560209424,0.7172774869109948,0.7910447761194029,-0.0983556106049438,17.52055811882019,200.0,0.3978,0.5492,0.0,1.0,0.069,0.0
roberta-base,template,low_knowledge,-0.32621877273829736,0.8666837480352171,0.8525345622119815,0.8940092165898618,0.8986175115207373,0.0,-0.12448317034902656,11.894220113754272,200.0,0.8525,0.0,0.0,0.0,0.0,0.0
roberta-base,template,medium_knowledge,-0.07745779543197617,2.423903470573165,0.6037735849056604,0.7037735849056603,0.7566037735849057,0.75,-0.033423550588570494,16.237111806869507,200.0,0.5856,0.8333,0.8333,0.9167,0.4737,0.0
roberta-base,template,random_baseline,0.008806061847224989,2.869838222405711,0.5175097276264592,0.6653696498054474,0.7295719844357976,0.75,-0.021289796354981516,15.278428554534912,200.0,0.5098,0.4832,0.8333,1.0,0.4667,0.5
